rainfall,temperature,humidity,wind_speed,pressure,risk
5,32,55,8,1018,LOW
10,30,60,10,1015,LOW
15,29,65,12,1014,LOW
20,28,70,15,1012,LOW
30,27,75,18,1010,MODERATE
40,26,78,20,1008,MODERATE
50,26,80,22,1007,MODERATE
60,25,82,25,1005,HIGH
70,25,85,28,1004,HIGH
80,24,87,30,1002,HIGH
90,24,89,32,1000,HIGH
100,24,90,35,998,EXTREME
110,23,91,38,997,EXTREME
120,23,92,40,995,EXTREME
130,22,93,42,994,EXTREME
150,22,95,45,990,EXTREME
8,31,58,9,1017,LOW
18,29,68,13,1013,LOW
35,27,76,19,1010,MODERATE
55,26,81,24,1006,HIGH
75,25,86,29,1003,HIGH
95,24,90,34,999,EXTREME
125,23,93,41,995,EXTREME
140,22,94,44,992,EXTREME
12,30,62,11,1016,LOW
25,28,72,16,1011,MODERATE
45,27,79,21,1008,MODERATE
65,25,84,27,1005,HIGH
85,24,88,31,1001,HIGH
105,23,91,36,998,EXTREME